Node ID,Title,Body,Year,Category,Course,Date,Repository,Collection,Source,Copyright,Production Company,Copyright Notes,Film Title,Director,Photographer,Form/Genre,Location,Physical Description,Notes,Embedded Video: media (field_media)
366,Albert Maysles Select 1,Year:هت2005Collection:هتLumiere Productions  Copyright:هت2010 Copyright Notes:هتLumiere Productions Film Title:هتTo Tell The TruthDirector:هتLumiere Productions  Physical Description:هتOn the power of documentary film.  media:هت,2005,,,2005,,Lumiere Productions,,2010,,Lumiere Productions,To Tell The Truth,Lumiere Productions,,,,On the power of documentary film.,,"   Embed Code:   <script type=text/javascript"" src=""http://ccnmtl.columbia.edu/stream/jsembed?player=v4&file=secure/courses/film_gaines_to_tell_the_truth_albert_mayles_select_1.flv&width=480&height=360&poster=http://ccnmtl.columbia.edu/broadcast/posters/vidthumb_480x360.jpg&id=field_media_video_1&autostart=false&protection=098474d25f97e575931d250717b0d43b21ecbc93""></script>  To embed this video on your own site  simply copy and paste the html code from this text area.      """
328,Bonus March Excerpt 1 - Workers Gassed,Year:هت1932Collection:هتLumiere Productions  Copyright:هت1932 Copyright Notes:هتLeo Seltzer Film Title:هتBonus MarchDirector:هتWorkers Film and Photo League (Leo Seltzer)  Physical Description:هتWorkers Gassed  media:هت,1932,Documentary Tradition,Documentary Tradition,1932,,Lumiere Productions,,1932,,Leo Seltzer,Bonus March,Workers Film and Photo League (Leo Seltzer),,,,Workers Gassed,,"   Embed Code:   <script type=text/javascript"" src=""http://ccnmtl.columbia.edu/stream/jsembed?player=v4&file=secure/courses/film_gaines_fall2010_bonus_march_excerpt_1_workers_gassed.flv&width=480&height=360&poster=http://ccnmtl.columbia.edu/broadcast/posters/vidthumb_480x360.jpg&id=field_media_video_3&autostart=false&protection=a03377cb01c04f7b44b97a0bb6fa3580ed2edb39""></script>  To embed this video on your own site  simply copy and paste the html code from this text area.      """
327,Borinage Excerpt 1- Protest,Year:هت1933Collection:هتLumiere Productions  Copyright:هت2008 Copyright Notes:هتEuropean Foundation - Joris Ivens Film Title:هتBorinageDirector:هتJoris Evens/Henri Storck  Physical Description:هتProtest  media:هت,1933,Documentary Tradition,Documentary Tradition,1933,,Lumiere Productions,,2008,,European Foundation - Joris Ivens,Borinage,Joris Evens/Henri Storck,,,,Protest,,"   Embed Code:   <script type=text/javascript"" src=""http://ccnmtl.columbia.edu/stream/jsembed?player=v4&file=secure/courses/film_gaines_fall2010_borinage_1_protest.flv&width=480&height=360&poster=http://ccnmtl.columbia.edu/broadcast/posters/vidthumb_480x360.jpg&id=field_media_video_5&autostart=false&protection=13c44bb612e8cf32c70bf4462dedf7f12567ee09""></script>  To embed this video on your own site  simply copy and paste the html code from this text area.      """
333,Borinage Excerpt 2- Protest,Year:هت1933Collection:هتLumiere Productions  Copyright:هت2008 Copyright Notes:هتEuropean Foundation/Joris Evens Film Title:هتBorinageDirector:هتJoris Evens/Henri Storck  Physical Description:هتDr. visits family  media:هت,1933,Documentary Tradition,Documentary Tradition,1933,,Lumiere Productions,,2008,,European Foundation/Joris Evens,Borinage,Joris Evens/Henri Storck,,,,Dr. visits family,,"   Embed Code:   <script type=text/javascript"" src=""http://ccnmtl.columbia.edu/stream/jsembed?player=v4&file=secure/courses/film_gaines_fall2010_borinage_2_doc_visits_family.flv&width=480&height=360&poster=http://ccnmtl.columbia.edu/broadcast/posters/vidthumb_480x360.jpg&id=field_media_video_7&autostart=false&protection=e147ad17bcc011f4ebbe54f1e4303a2690bda3d1""></script>  To embed this video on your own site  simply copy and paste the html code from this text area.      """
330,Borinage Excerpt 3- Protest,Year:هت1933Collection:هتLumiere Productions  Copyright:هت2008 Copyright Notes:هتEuropean Foundation - Joris Ivens Director:هتJoris Evens/Henri Storck  Physical Description:هتSocialism  media:هت,1933,Documentary Tradition,Documentary Tradition,1933,,Lumiere Productions,,2008,,European Foundation - Joris Ivens,,Joris Evens/Henri Storck,,,,Socialism,,"   Embed Code:   <script type=text/javascript"" src=""http://ccnmtl.columbia.edu/stream/jsembed?player=v4&file=secure/courses/film_gaines_fall2010_borinage_3_socialism.flv&width=480&height=360&poster=http://ccnmtl.columbia.edu/broadcast/posters/vidthumb_480x360.jpg&id=field_media_video_9&autostart=false&protection=46b236a99c8e7a42cacfe96927b7d2ab947b4509""></script>  To embed this video on your own site  simply copy and paste the html code from this text area.      """
367,Brian Winston Select 1,Year:هت2010Collection:هتLumiere Productions  Copyright:هت2010 Copyright Notes:هتLumiere Productions Film Title:هتTo Tell The TruthDirector:هتLumiere Productions  Physical Description:هتGrierson was pretending to give us the truth.  media:هت,2010,,,2010,,Lumiere Productions,,2010,,Lumiere Productions,To Tell The Truth,Lumiere Productions,,,,Grierson was pretending to give us the truth.,,"   Embed Code:   <script type=text/javascript"" src=""http://ccnmtl.columbia.edu/stream/jsembed?player=v4&file=secure/courses/film_gaines_to_tell_the_truth_brian_winston_select_1.flv&width=480&height=360&poster=http://ccnmtl.columbia.edu/broadcast/posters/vidthumb_480x360.jpg&id=field_media_video_11&autostart=false&protection=a72f4f49a3c953a7118d61f4879c245ae0c06fa3""></script>  To embed this video on your own site  simply copy and paste the html code from this text area.      """
368,Brian Winston Select 2,Year:هت2010Collection:هتLumiere Productions  Copyright:هت2010 Copyright Notes:هتLumiere Productions Film Title:هتTo Tell The TruthDirector:هتLumiere Productions  Physical Description:هتGrierson did a terrible job putting the working class on the screen.  media:هت,2010,,,2010,,Lumiere Productions,,2010,,Lumiere Productions,To Tell The Truth,Lumiere Productions,,,,Grierson did a terrible job putting the working class on the screen.,,"   Embed Code:   <script type=text/javascript"" src=""http://ccnmtl.columbia.edu/stream/jsembed?player=v4&file=secure/courses/film_gaines_to_tell_the_truth_brian_winston_select_2.flv&width=480&height=360&poster=http://ccnmtl.columbia.edu/broadcast/posters/vidthumb_480x360.jpg&id=field_media_video_13&autostart=false&protection=57f8025c37df66382f56249a85075766aa20b229""></script>  To embed this video on your own site  simply copy and paste the html code from this text area.      """
369,Brian Winston Select 3,Year:هت2010Collection:هتLumiere Productions  Copyright:هت2010 Copyright Notes:هتLumiere Productions Film Title:هتTo Tell The TruthDirector:هتLumiere Productions  Physical Description:هتNight Mail was done with such aplomb that it was a fascinating picture of something everybody knew about but didn't actually know about.   media:هت,2010,,,2010,,Lumiere Productions,,2010,,Lumiere Productions,To Tell The Truth,Lumiere Productions,,,,Night Mail was done with such aplomb that it was a fascinating picture of something everybody knew about but didn't actually know about.,,"   Embed Code:   <script type=text/javascript"" src=""http://ccnmtl.columbia.edu/stream/jsembed?player=v4&file=secure/courses/film_gaines_to_tell_the_truth_brian_winston_select_3.flv&width=480&height=360&poster=http://ccnmtl.columbia.edu/broadcast/posters/vidthumb_480x360.jpg&id=field_media_video_15&autostart=false&protection=6c59c038f396f3ad9482895f0ee5c884cd7a0b97""></script>  To embed this video on your own site  simply copy and paste the html code from this text area.      """
370,Brian Winston Select 4,Year:هت2010Collection:هتLumiere Productions  Copyright:هت2010 Copyright Notes:هتLumiere Productions Film Title:هتTo Tell The TruthDirector:هتLumiere Productions  Physical Description:هتThe responses  on film  to the depression in Britain and the U.S. were very much the same.  media:هت,2010,,,2010,,Lumiere Productions,,2010,,Lumiere Productions,To Tell The Truth,Lumiere Productions,,,,The responses  on film  to the depression in Britain and the U.S. were very much the same.,,"   Embed Code:   <script type=text/javascript"" src=""http://ccnmtl.columbia.edu/stream/jsembed?player=v4&file=secure/courses/film_gaines_to_tell_the_truth_brian_winston_select_4.flv&width=480&height=360&poster=http://ccnmtl.columbia.edu/broadcast/posters/vidthumb_480x360.jpg&id=field_media_video_17&autostart=false&protection=676b9a8ba3f5221af1f72ffd4570920add868762""></script>  To embed this video on your own site  simply copy and paste the html code from this text area.      """
365,Buzz Alexander Select 1,Year:هت2002Collection:هتLumiere Productions  Copyright:هت2010 Copyright Notes:هتLumiere Productions Film Title:هتTo Tell The TruthDirector:هتLumiere Productions  Physical Description:هتThe Idealism of the FPL  media:هت,2002,,,2002,,Lumiere Productions,,2010,,Lumiere Productions,To Tell The Truth,Lumiere Productions,,,,The Idealism of the FPL,,"   Embed Code:   <script type=text/javascript"" src=""http://ccnmtl.columbia.edu/stream/jsembed?player=v4&file=secure/courses/film_gaines_to_tell_the_truth_buzz_alexander_select_1.flv&width=480&height=360&poster=http://ccnmtl.columbia.edu/broadcast/posters/vidthumb_480x360.jpg&id=field_media_video_19&autostart=false&protection=55eda585a3bbc31c4454cea197c0b1bed14d8f01""></script>  To embed this video on your own site  simply copy and paste the html code from this text area.      """
371,Buzz Alexander Select 2,Year:هت2002Collection:هتLumiere Productions  Copyright:هت2010 Copyright Notes:هتLumiere Productions Film Title:هتTo Tell The TruthDirector:هتLumiere Productions  Physical Description:هتThe FPL: Shooting and Editing in new and different ways.  media:هت,2002,,,2002,,Lumiere Productions,,2010,,Lumiere Productions,To Tell The Truth,Lumiere Productions,,,,The FPL: Shooting and Editing in new and different ways.,,"   Embed Code:   <script type=text/javascript"" src=""http://ccnmtl.columbia.edu/stream/jsembed?player=v4&file=secure/courses/film_gaines_to_tell_the_truth_buzz_alexander_select_2.flv&width=480&height=360&poster=http://ccnmtl.columbia.edu/broadcast/posters/vidthumb_480x360.jpg&id=field_media_video_21&autostart=false&protection=fc30f2d795aeaef53d1040fc28369084ce5e4057""></script>  To embed this video on your own site  simply copy and paste the html code from this text area.      """
372,Buzz Alexander Select 3,Year:هت2002Collection:هتLumiere Productions  Copyright:هت2010 Copyright Notes:هتLumiere Productions Film Title:هتTo Tell The TruthDirector:هتLumiere Productions  Physical Description:هتOn Pare Lorentz  media:هت,2002,,,2002,,Lumiere Productions,,2010,,Lumiere Productions,To Tell The Truth,Lumiere Productions,,,,On Pare Lorentz,,"   Embed Code:   <script type=text/javascript"" src=""http://ccnmtl.columbia.edu/stream/jsembed?player=v4&file=secure/courses/film_gaines_to_tell_the_truth_buzz_alexander_select_3.flv&width=480&height=360&poster=http://ccnmtl.columbia.edu/broadcast/posters/vidthumb_480x360.jpg&id=field_media_video_23&autostart=false&protection=2780370c0c8ba727d4c1d5c1ef52482cc6d09a87""></script>  To embed this video on your own site  simply copy and paste the html code from this text area.      """
373,Buzz Alexander Select 4,Year:هت2002Collection:هتLumiere Productions  Copyright:هت2010 Copyright Notes:هتLumiere Productions Director:هتLumiere Productions  Physical Description:هتPare Lorentz wanted to make a film about the dust bowl.  media:هت,2002,,,2002,,Lumiere Productions,,2010,,Lumiere Productions,,Lumiere Productions,,,,Pare Lorentz wanted to make a film about the dust bowl.,,"   Embed Code:   <script type=text/javascript"" src=""http://ccnmtl.columbia.edu/stream/jsembed?player=v4&file=secure/courses/film_gaines_to_tell_the_truth_buzz_alexander_select_4.flv&width=480&height=360&poster=http://ccnmtl.columbia.edu/broadcast/posters/vidthumb_480x360.jpg&id=field_media_video_25&autostart=false&protection=bb7cc152f432beefb758d0afb3e51b443a0d4b39""></script>  To embed this video on your own site  simply copy and paste the html code from this text area.      """
374,Buzz Alexander Select 5,Year:هت2002Collection:هتLumiere Productions  Copyright:هت2010 Copyright Notes:هتLumiere Productions Film Title:هتTo Tell The TruthDirector:هتLumiere Productions  Physical Description:هتThe Clash of Vision over the Plow that Broke the Plains  media:هت,2002,,,2002,,Lumiere Productions,,2010,,Lumiere Productions,To Tell The Truth,Lumiere Productions,,,,The Clash of Vision over the Plow that Broke the Plains,,"   Embed Code:   <script type=text/javascript"" src=""http://ccnmtl.columbia.edu/stream/jsembed?player=v4&file=secure/courses/film_gaines_to_tell_the_truth_buzz_alexander_select_5.flv&width=480&height=360&poster=http://ccnmtl.columbia.edu/broadcast/posters/vidthumb_480x360.jpg&id=field_media_video_27&autostart=false&protection=ceb0ad2c3b7177c9cc0e99c1092c565c6ceeb2e1""></script>  To embed this video on your own site  simply copy and paste the html code from this text area.      """
375,Buzz Alexander Select 6,Year:هت2002Collection:هتLumiere Productions  Copyright:هت2010 Copyright Notes:هتLumiere Productions Film Title:هتTo Tell The TruthDirector:هتLumiere Productions  Physical Description:هتLorentz was a wonderful writer.  media:هت,2002,,,2002,,Lumiere Productions,,2010,,Lumiere Productions,To Tell The Truth,Lumiere Productions,,,,Lorentz was a wonderful writer.,,"   Embed Code:   <script type=text/javascript"" src=""http://ccnmtl.columbia.edu/stream/jsembed?player=v4&file=secure/courses/film_gaines_to_tell_the_truth_buzz_alexander_select_6.flv&width=480&height=360&poster=http://ccnmtl.columbia.edu/broadcast/posters/vidthumb_480x360.jpg&id=field_media_video_29&autostart=false&protection=e7279bb8733fb007f360d85f6e13be095f4dec6b""></script>  To embed this video on your own site  simply copy and paste the html code from this text area.      """
376,Buzz Alexander Select 7,Year:هت2002Collection:هتLumiere Productions  Copyright Notes:هت2010 Film Title:هتTo Tell The TruthDirector:هتLumiere Productions  Physical Description:هتThe Limitations of 'Plow' being a government film.  media:هت,2002,,,2002,,Lumiere Productions,,,,2010,To Tell The Truth,Lumiere Productions,,,,The Limitations of 'Plow' being a government film.,,"   Embed Code:   <script type=text/javascript"" src=""http://ccnmtl.columbia.edu/stream/jsembed?player=v4&file=secure/courses/film_gaines_to_tell_the_truth_buzz_alexander_select_7.flv&width=480&height=360&poster=http://ccnmtl.columbia.edu/broadcast/posters/vidthumb_480x360.jpg&id=field_media_video_31&autostart=false&protection=4c5308eec96ef1f7ae47e7c3697e73612182f382""></script>  To embed this video on your own site  simply copy and paste the html code from this text area.      """
95,Chronicle of a Summer,Year:هت1961 Film Title:هتChronicle of a SummerDirector:هتEdgar Morin and Jean Rouch  media:هت,1961,,Documentary Tradition,1961,,,,,,,Chronicle of a Summer,Edgar Morin and Jean Rouch,,,,,,"   Embed Code:   <script type=text/javascript"" src=""http://ccnmtl.columbia.edu/stream/jsembed?player=v4&file=secure/courses/soa_gaines_fall2010_chronicle_of_a_summer.flv&width=480&height=360&poster=http://ccnmtl.columbia.edu/broadcast/posters/vidthumb_480x360.jpg&id=field_media_video_33&autostart=false&protection=c98f736fc8aa2cc101536f6eb2d0e9c21275d80b""></script>  To embed this video on your own site  simply copy and paste the html code from this text area.      """
329,Coal Face Excerpt 1- The Coal face is a mile from the shaft,Year:هت1934Collection:هتLumiere Productions  Copyright:هت1934 Copyright Notes:هتRoyal Mail Group Film Title:هتCoal FaceDirector:هتAlberto Cavalcanti  Physical Description:هتThe coal face is a mile from the shaft  media:هت,1934,Documentary Tradition,Documentary Tradition,1934,,Lumiere Productions,,1934,,Royal Mail Group,Coal Face,Alberto Cavalcanti,,,,The coal face is a mile from the shaft,,"   Embed Code:   <script type=text/javascript"" src=""http://ccnmtl.columbia.edu/stream/jsembed?player=v4&file=secure/courses/film_gaines_fall2010_coal_face_excerpt_1.flv&width=480&height=360&poster=http://ccnmtl.columbia.edu/broadcast/posters/vidthumb_480x360.jpg&id=field_media_video_35&autostart=false&protection=43fa4cb0646482e8dc2d1d24d6ee3d0a592b9301""></script>  To embed this video on your own site  simply copy and paste the html code from this text area.      """
331,Coal Face Excerpt 2- Cramped Position,Year:هت1934Collection:هتLumiere Productions  Copyright:هت1934 Copyright Notes:هتRoyal Mail Group Film Title:هتCoal FaceDirector:هتAlberto Cavalcanti  Physical Description:هتCramped Position  media:هت,1934,Documentary Tradition,Documentary Tradition,1934,,Lumiere Productions,,1934,,Royal Mail Group,Coal Face,Alberto Cavalcanti,,,,Cramped Position,,"   Embed Code:   <script type=text/javascript"" src=""http://ccnmtl.columbia.edu/stream/jsembed?player=v4&file=secure/courses/film_gaines_fall2010_coal_face_excerpt_2.flv&width=480&height=360&poster=http://ccnmtl.columbia.edu/broadcast/posters/vidthumb_480x360.jpg&id=field_media_video_37&autostart=false&protection=f0f4c7674496b66a48e55bf8d5c666d8a4411db3""></script>  To embed this video on your own site  simply copy and paste the html code from this text area.      """
332,Coal Face Excerpt 3- One In Five Injured,Year:هت1934Collection:هتLumiere Productions  Copyright:هت1934 Copyright Notes:هتRoyal Mail Group Film Title:هتCoal FaceDirector:هتAlberto Calvacanti  Physical Description:هتOne in Five Injured  media:هت,1934,Documentary Tradition,Documentary Tradition,1934,,Lumiere Productions,,1934,,Royal Mail Group,Coal Face,Alberto Calvacanti,,,,One in Five Injured,,"   Embed Code:   <script type=text/javascript"" src=""http://ccnmtl.columbia.edu/stream/jsembed?player=v4&file=secure/courses/film_gaines_fall2010_coal_face_excerpt_3.flv&width=480&height=360&poster=http://ccnmtl.columbia.edu/broadcast/posters/vidthumb_480x360.jpg&id=field_media_video_39&autostart=false&protection=e4302d6ff32df860f828fe15aaafab0ee5e1e0cf""></script>  To embed this video on your own site  simply copy and paste the html code from this text area.      """
334,Coal Face Excerpt 4- Where The Coal Goes,Year:هت1934Collection:هتLumiere Productions  Copyright:هت1934 Copyright Notes:هتRoyal Mail Group Director:هتAlberto Cavalcanti  Physical Description:هتWhere The Coal Goes  media:هت,1934,Documentary Tradition,Documentary Tradition,1934,,Lumiere Productions,,1934,,Royal Mail Group,,Alberto Cavalcanti,,,,Where The Coal Goes,,"   Embed Code:   <script type=text/javascript"" src=""http://ccnmtl.columbia.edu/stream/jsembed?player=v4&file=secure/courses/film_gaines_fall2010_coal_face_excerpt_4.flv&width=480&height=360&poster=http://ccnmtl.columbia.edu/broadcast/posters/vidthumb_480x360.jpg&id=field_media_video_41&autostart=false&protection=dc71815051aab60b543258d8af2ebfd712bda3fa""></script>  To embed this video on your own site  simply copy and paste the html code from this text area.      """
93,Curse of the Qwon Gwon,Year:هت1916Film Title:هتCurse of the Qwon GwonDirector:هتMarion E. Wong  Notes:هتMandarin Film Co.media:هت,1916,Silent Chinese American Cinema,Historiography,1916,,,,,,,Curse of the Qwon Gwon,Marion E. Wong,,,,,Mandarin Film Co.,"   Embed Code:   <script type=text/javascript"" src=""http://ccnmtl.columbia.edu/stream/jsembed?player=v4&file=secure/courses/soa_gaines_fall2010_curse.flv&width=480&height=360&poster=http://ccnmtl.columbia.edu/broadcast/posters/vidthumb_480x360.jpg&id=field_media_video_43&autostart=false&protection=ea67aa1c6c4633a71e42058270ebc05eab0261fe""></script>  To embed this video on your own site  simply copy and paste the html code from this text area.      """
335,Detroit Workers Excerpt 1- Ford Massacre,Year:هت1932Collection:هتLumiere Productions  Copyright:هت1932 Copyright Notes:هتLeo Seltzer Film Title:هتDetroit WorkersDirector:هتWorkers Film and Photo League (Leo Seltzer  Joseph Hudyma  Robert Del Duca  Lester Balog)  Physical Description:هتDetroit Ford Massacre  media:هت,1932,Documentary Tradition,Documentary Tradition,1932,,Lumiere Productions,,1932,,Leo Seltzer,Detroit Workers,Workers Film and Photo League (Leo Seltzer  Joseph Hudyma  Robert Del Duca  Lester Balog),,,,Detroit Ford Massacre,,"   Embed Code:   <script type=text/javascript"" src=""http://ccnmtl.columbia.edu/stream/jsembed?player=v4&file=secure/courses/film_gaines_fall2010_detroit_workers_excerpt_1.flv&width=480&height=360&poster=http://ccnmtl.columbia.edu/broadcast/posters/vidthumb_480x360.jpg&id=field_media_video_45&autostart=false&protection=7d2f6d80ee6a4e084dacef30f73edd23e3cb5699""></script>  To embed this video on your own site  simply copy and paste the html code from this text area.      """
96,ER: The Live Show,media:هت,,,Documentary Tradition,,,,,,,,,,,,,,,"   Embed Code:   <script type=text/javascript"" src=""http://ccnmtl.columbia.edu/stream/jsembed?player=v4&file=secure/courses/soa_gaines_fall2010_er_the_live_show.flv&width=480&height=360&poster=http://ccnmtl.columbia.edu/broadcast/posters/vidthumb_480x360.jpg&id=field_media_video_47&autostart=false&protection=9eee028342529fedea4af991b6185c8d9b61ca57""></script>  To embed this video on your own site  simply copy and paste the html code from this text area.      """
377,George Stoney Select 1,Year:هت2002Collection:هتLumiere Productions  Copyright:هت2010 Copyright Notes:هتLumiere Productions Film Title:هتTo Tell The TruthDirector:هتLumiere Productions  Physical Description:هتI think Pare Lorentz's film really opened people up.هت I showed it  I think  about 118 times.  media:هت,2002,,,2002,,Lumiere Productions,,2010,,Lumiere Productions,To Tell The Truth,Lumiere Productions,,,,I think Pare Lorentz's film really opened people up.هت I showed it  I think  about 118 times.,,"   Embed Code:   <script type=text/javascript"" src=""http://ccnmtl.columbia.edu/stream/jsembed?player=v4&file=secure/courses/film_gaines_to_tell_the_truth_george_stoney_select_1.flv&width=480&height=360&poster=http://ccnmtl.columbia.edu/broadcast/posters/vidthumb_480x360.jpg&id=field_media_video_49&autostart=false&protection=7498e5ec27ad808c98a2d9fa6e63ee8d4b811831""></script>  To embed this video on your own site  simply copy and paste the html code from this text area.      """
378,George Stoney Select 2,Year:هت2002Collection:هتLumiere Productions  Copyright:هت2010 Copyright Notes:هتLumiere Productions Film Title:هتTo Tell The TruthDirector:هتLumiere Productions  Physical Description:هتWe weren't propagandists  we were just trying to make people believe what we did.هت That was my job!  media:هت,2002,,,2002,,Lumiere Productions,,2010,,Lumiere Productions,To Tell The Truth,Lumiere Productions,,,,We weren't propagandists  we were just trying to make people believe what we did.هت That was my job!,,"   Embed Code:   <script type=text/javascript"" src=""http://ccnmtl.columbia.edu/stream/jsembed?player=v4&file=secure/courses/film_gaines_to_tell_the_truth_george_stoney_select_2.flv&width=480&height=360&poster=http://ccnmtl.columbia.edu/broadcast/posters/vidthumb_480x360.jpg&id=field_media_video_51&autostart=false&protection=ae6d6e6b41c15af696d2deaa3b6d6bf97cbda74b""></script>  To embed this video on your own site  simply copy and paste the html code from this text area.      """
379,George Stoney Select 3,Year:هت2002Collection:هتLumiere Productions  Copyright:هت2010 Copyright Notes:هتLumiere Productions Film Title:هتTo Tell The TruthDirector:هتLumiere Productions  Physical Description:هتOn the difference between the films of the Film and Photo League and Pare Lorentz.  media:هت,2002,,,2002,,Lumiere Productions,,2010,,Lumiere Productions,To Tell The Truth,Lumiere Productions,,,,On the difference between the films of the Film and Photo League and Pare Lorentz.,,"   Embed Code:   <script type=text/javascript"" src=""http://ccnmtl.columbia.edu/stream/jsembed?player=v4&file=secure/courses/film_gaines_to_tell_the_truth_george_stoney_select_3.flv&width=480&height=360&poster=http://ccnmtl.columbia.edu/broadcast/posters/vidthumb_480x360.jpg&id=field_media_video_53&autostart=false&protection=71686cee30a3f2cfe023f1bb96ff81ad6dddb23c""></script>  To embed this video on your own site  simply copy and paste the html code from this text area.      """
338,Hands,Year:هت1934Collection:هتLumiere Productions  Copyright:هت1934 Copyright Notes:هتNational Archives and Records Service Film Title:هتHandsDirector:هتWillard Van Dyke; Ralph Steiner  Physical Description:هتHands  media:هت,1934,Documentary Tradition,Documentary Tradition,1934,,Lumiere Productions,,1934,,National Archives and Records Service,Hands,Willard Van Dyke; Ralph Steiner,,,,Hands,,"   Embed Code:   <script type=text/javascript"" src=""http://ccnmtl.columbia.edu/stream/jsembed?player=v4&file=secure/courses/film_gaines_fall2010_hands.flv&width=480&height=360&poster=http://ccnmtl.columbia.edu/broadcast/posters/vidthumb_480x360.jpg&id=field_media_video_55&autostart=false&protection=b9bc213f41043ade8f8a90fdbc58512cc3fe1a58""></script>  To embed this video on your own site  simply copy and paste the html code from this text area.      """
336,Housing Problems Excerpt 1- The Problems of the Slum,Year:هت1935Collection:هتLumiere Productions  Copyright:هت2007 Copyright Notes:هتBFI Director:هتRuby Grierson w Arthur Elton/Edgar Anstey/John Taylor  Physical Description:هتThe Problems of the Slum  media:هت,1935,Documentary Tradition,Documentary Tradition,1935,,Lumiere Productions,,2007,,BFI,,Ruby Grierson w Arthur Elton/Edgar Anstey/John Taylor,,,,The Problems of the Slum,,"   Embed Code:   <script type=text/javascript"" src=""http://ccnmtl.columbia.edu/stream/jsembed?player=v4&file=secure/courses/film_gaines_fall2010_housing_problems_excerpt_1.flv&width=480&height=360&poster=http://ccnmtl.columbia.edu/broadcast/posters/vidthumb_480x360.jpg&id=field_media_video_57&autostart=false&protection=132ddf885fc27c87029e40afd135f3837007e65e""></script>  To embed this video on your own site  simply copy and paste the html code from this text area.      """
337,Housing Problems Excerpt 2- Hope for the Future,Year:هت1935Collection:هتLumiere Productions  Copyright:هت2007 Copyright Notes:هتBFI Director:هتRuby Grierson w Arthur Elton/Edgar Anstey/John Taylor  Physical Description:هتHope for the Future  media:هت,1935,Documentary Tradition,Documentary Tradition,1935,,Lumiere Productions,,2007,,BFI,,Ruby Grierson w Arthur Elton/Edgar Anstey/John Taylor,,,,Hope for the Future,,"   Embed Code:   <script type=text/javascript"" src=""http://ccnmtl.columbia.edu/stream/jsembed?player=v4&file=secure/courses/film_gaines_fall2010_housing_problems_excerpt_2.flv&width=480&height=360&poster=http://ccnmtl.columbia.edu/broadcast/posters/vidthumb_480x360.jpg&id=field_media_video_59&autostart=false&protection=c7ff9d335762758da5cfba4a4db4bcc2e45c6f32""></script>  To embed this video on your own site  simply copy and paste the html code from this text area.      """
339,Hunger 1932 Excerpt 1- The Unemployed,Year:هت1932Collection:هتLumiere Productions  Copyright:هت1932 Copyright Notes:هتLeo Seltzer Film Title:هتHunger 1932Director:هتWorkers Film and Photo League (Leo Seltzer/Leo Hurwitz/Sam Brody/Robert Del Duca)  Physical Description:هتThe Unemployed  media:هت,1932,Documentary Tradition,Documentary Tradition,1932,,Lumiere Productions,,1932,,Leo Seltzer,Hunger 1932,Workers Film and Photo League (Leo Seltzer/Leo Hurwitz/Sam Brody/Robert Del Duca),,,,The Unemployed,,"   Embed Code:   <script type=text/javascript"" src=""http://ccnmtl.columbia.edu/stream/jsembed?player=v4&file=secure/courses/film_gaines_fall2010_hunger_1932_excerpt_1.flv&width=480&height=360&poster=http://ccnmtl.columbia.edu/broadcast/posters/vidthumb_480x360.jpg&id=field_media_video_61&autostart=false&protection=8cd7900bbe1c72f43f5432d75b4dfa73acbe367d""></script>  To embed this video on your own site  simply copy and paste the html code from this text area.      """
340,Industrial Britain Excerpt 1- Glass Blowers,Year:هت1931Collection:هتLumiere Productions  Copyright:هت2007 Copyright Notes:هتBFI Film Title:هتIndustrial BritainDirector:هتEMB Unit (John Grierson/Robert Flaherty)  Physical Description:هتGlass Blowers  media:هت,1931,Documentary Tradition,Documentary Tradition,1931,,Lumiere Productions,,2007,,BFI,Industrial Britain,EMB Unit (John Grierson/Robert Flaherty),,,,Glass Blowers,,"   Embed Code:   <script type=text/javascript"" src=""http://ccnmtl.columbia.edu/stream/jsembed?player=v4&file=secure/courses/film_gaines_fall2010_industrial_britain_excerpt_1.flv&width=480&height=360&poster=http://ccnmtl.columbia.edu/broadcast/posters/vidthumb_480x360.jpg&id=field_media_video_63&autostart=false&protection=301ae522dca9bd84948d8b85f97bf13d16e18b05""></script>  To embed this video on your own site  simply copy and paste the html code from this text area.      """
341,Industrial Britain Excerpt 2- Steel Workers,Year:هت1931Collection:هتLumiere Productions  Copyright:هت2007 Copyright Notes:هتBFI Film Title:هتIndustrial BritainDirector:هتEMB Unit (John Grierson/Robert Flaherty)  Physical Description:هتSteel Workers  media:هت,1931,Documentary Tradition,Documentary Tradition,1931,,Lumiere Productions,,2007,,BFI,Industrial Britain,EMB Unit (John Grierson/Robert Flaherty),,,,Steel Workers,,"   Embed Code:   <script type=text/javascript"" src=""http://ccnmtl.columbia.edu/stream/jsembed?player=v4&file=secure/courses/film_gaines_fall2010_industrial_britain_excerpt_2.flv&width=480&height=360&poster=http://ccnmtl.columbia.edu/broadcast/posters/vidthumb_480x360.jpg&id=field_media_video_65&autostart=false&protection=460ca0fcfa31d8afdc2801641331a7e1d48cac75""></script>  To embed this video on your own site  simply copy and paste the html code from this text area.      """
380,Jeffey Richards 1,Year:هت2010Collection:هتLumiere Productions  Copyright:هت2010 Copyright Notes:هتLumiere Productions Film Title:هتTo Tell The TruthDirector:هتLumiere Productions  Physical Description:هتGrierson had a dual purpose: to create a socially purposive cinema and to inform and educate the mass electorate.  media:هت,2010,,,2010,,Lumiere Productions,,2010,,Lumiere Productions,To Tell The Truth,Lumiere Productions,,,,Grierson had a dual purpose: to create a socially purposive cinema and to inform and educate the mass electorate.,,"   Embed Code:   <script type=text/javascript"" src=""http://ccnmtl.columbia.edu/stream/jsembed?player=v4&file=secure/courses/film_gaines_jeffrey_richards_select_1.flv&width=480&height=360&poster=http://ccnmtl.columbia.edu/broadcast/posters/vidthumb_480x360.jpg&id=field_media_video_67&autostart=false&protection=8602981c9ba0db826d0d2e33f623b60f6784fc75""></script>  To embed this video on your own site  simply copy and paste the html code from this text area.      """
381,Jeffey Richards 2,Year:هت2010Collection:هتLumiere Productions  Copyright:هت2010 Copyright Notes:هتLumiere Productions Film Title:هتTo Tell The TruthDirector:هتLumiere Productions  Physical Description:هتThe documentary movement in Britain was not a commercial movement  it was a sponsored movement.  media:هت,2010,,,2010,,Lumiere Productions,,2010,,Lumiere Productions,To Tell The Truth,Lumiere Productions,,,,The documentary movement in Britain was not a commercial movement  it was a sponsored movement.,,"   Embed Code:   <script type=text/javascript"" src=""http://ccnmtl.columbia.edu/stream/jsembed?player=v4&file=secure/courses/film_gaines_jeffrey_richards_select_2.flv&width=480&height=360&poster=http://ccnmtl.columbia.edu/broadcast/posters/vidthumb_480x360.jpg&id=field_media_video_69&autostart=false&protection=94f8d833a6e41207d4b2e6320f96e678ebba033c""></script>  To embed this video on your own site  simply copy and paste the html code from this text area.      """
382,Jeffey Richards 3,Year:هت2010Collection:هتLumiere Productions  Copyright:هت2010 Copyright Notes:هتLumiere Productions Film Title:هتTo Tell The TruthDirector:هتLumiere Productions  Physical Description:هتGrierson attributed to the avoidance of revolution in Britain to his success in educational programming and the creation of sympathy between classes.  media:هت,2010,,,2010,,Lumiere Productions,,2010,,Lumiere Productions,To Tell The Truth,Lumiere Productions,,,,Grierson attributed to the avoidance of revolution in Britain to his success in educational programming and the creation of sympathy between classes.,,"   Embed Code:   <script type=text/javascript"" src=""http://ccnmtl.columbia.edu/stream/jsembed?player=v4&file=secure/courses/film_gaines_jeffrey_richards_select_3.flv&width=480&height=360&poster=http://ccnmtl.columbia.edu/broadcast/posters/vidthumb_480x360.jpg&id=field_media_video_71&autostart=false&protection=9b4a42aa630112abdc4bf94c5e1b044b1baa0833""></script>  To embed this video on your own site  simply copy and paste the html code from this text area.      """
399,La Fee Aux Choux,Year:هت1896Film Title:هتLa Fee Aux ChouxDirector:هتAlice Guy Blache  media:هت,1896,,,1896,,,,,,,La Fee Aux Choux,Alice Guy Blache,,,,,,"   Embed Code:   <script type=text/javascript"" src=""http://ccnmtl.columbia.edu/stream/jsembed?player=v4&file=secure/courses/film_gaines_fall2010_lafeeauxchoux.flv&width=480&height=360&poster=http://ccnmtl.columbia.edu/broadcast/posters/vidthumb_480x360.jpg&id=field_media_video_73&autostart=false&protection=87b52d29f5ad18f4bc2442646db0a42ea6e2aaa8""></script>  To embed this video on your own site  simply copy and paste the html code from this text area.      """
343,"Land Without Bread Excerpt 1- Kids and Goats""""",Year:هت1933Collection:هتLumiere Productions  Copyright:هت1933 Copyright Notes:هتAbel Jacquin Film Title:هتLand Without BreadDirector:هتLuis Bunuel  Physical Description:هتKids and Goats  media:هت,1933,Documentary Tradition,Documentary Tradition,1933,,Lumiere Productions,,1933,,Abel Jacquin,Land Without Bread,Luis Bunuel,,,,Kids and Goats,,"   Embed Code:   <script type=text/javascript"" src=""http://ccnmtl.columbia.edu/stream/jsembed?player=v4&file=secure/courses/film_gaines_fall2010_land_without_bread_part_1.flv&width=480&height=360&poster=http://ccnmtl.columbia.edu/broadcast/posters/vidthumb_480x360.jpg&id=field_media_video_75&autostart=false&protection=8cabae5db2c3c89724e26c1c8ad16e3fdb89075a""></script>  To embed this video on your own site  simply copy and paste the html code from this text area.      """
342,"Land Without Bread Excerpt 2- Idiots""""",Year:هت1933Collection:هتLumiere Productions  Copyright:هت1933 Copyright Notes:هتAbel Jacquin Director:هتLuis Bunuel  Physical Description:هت&quot;Idiots&quot;  media:هت,1933,Documentary Tradition,Documentary Tradition,1933,,Lumiere Productions,,1933,,Abel Jacquin,,Luis Bunuel,,,,&quot;Idiots&quot;,,"   Embed Code:   <script type=text/javascript"" src=""http://ccnmtl.columbia.edu/stream/jsembed?player=v4&file=secure/courses/film_gaines_fall2010_land_without_bread_part_2.flv&width=480&height=360&poster=http://ccnmtl.columbia.edu/broadcast/posters/vidthumb_480x360.jpg&id=field_media_video_77&autostart=false&protection=df511b934554efedd2f1272b2477475900ec6c45""></script>  To embed this video on your own site  simply copy and paste the html code from this text area.      """
383,Larry Levine 1,Year:هت2010Collection:هتLumiere Productions  Copyright:هت2010 Copyright Notes:هتLumiere Productions Film Title:هتTo Tell The TruthDirector:هتLumiere Productions  Physical Description:هت'Capra wanted to have his cake and eat it  too.'  media:هت,2010,,,2010,,Lumiere Productions,,2010,,Lumiere Productions,To Tell The Truth,Lumiere Productions,,,,Capra wanted to have his cake and eat it  too.',,"   Embed Code:   <script type=text/javascript"" src=""http://ccnmtl.columbia.edu/stream/jsembed?player=v4&file=secure/courses/film_gaines_larry_levine_select_1.flv&width=480&height=360&poster=http://ccnmtl.columbia.edu/broadcast/posters/vidthumb_480x360.jpg&id=field_media_video_79&autostart=false&protection=ed99413c49074ee07ab0b645c9f69283667e63e4""></script>  To embed this video on your own site  simply copy and paste the html code from this text area.      """
384,Leo Hurwitz 1,Year:هت1988Collection:هتLumiere Productions  Copyright:هت1988 Copyright Notes:هتTom Hurwitz Film Title:هتTo Tell The TruthDirector:هتTom Hurwitz  Physical Description:هتOn the making of Hunger in the 1930s  feeling that the marches should be filmed differently.  media:هت,1988,,,1988,,Lumiere Productions,,1988,,Tom Hurwitz,To Tell The Truth,Tom Hurwitz,,,,On the making of Hunger in the 1930s  feeling that the marches should be filmed differently.,,"   Embed Code:   <script type=text/javascript"" src=""http://ccnmtl.columbia.edu/stream/jsembed?player=v4&file=secure/courses/film_gaines_leo_hurwitz_select_1.flv&width=480&height=360&poster=http://ccnmtl.columbia.edu/broadcast/posters/vidthumb_480x360.jpg&id=field_media_video_81&autostart=false&protection=9af8186882ee9a97adaa5fbc37ab2c7d158efd91""></script>  To embed this video on your own site  simply copy and paste the html code from this text area.      """
385,Leo Hurwitz 2,Year:هت1988Collection:هتLumiere Productions  Copyright:هت1988 Copyright Notes:هتTom Hurwitz Film Title:هتTo Tell The TruthDirector:هتTom Hurwitz  Physical Description:هت'My relationship to what I was doing was in no way categorized by a demand for objectivity.'هت Objectivity is the reason for lack of vitality and depth in most documentary.  media:هت,1988,,,1988,,Lumiere Productions,,1988,,Tom Hurwitz,To Tell The Truth,Tom Hurwitz,,,,My relationship to what I was doing was in no way categorized by a demand for objectivity.'هت Objectivity is the reason for lack of vitality and depth in most documentary.,,"   Embed Code:   <script type=text/javascript"" src=""http://ccnmtl.columbia.edu/stream/jsembed?player=v4&file=secure/courses/film_gaines_leo_hurwitz_select_2.flv&width=480&height=360&poster=http://ccnmtl.columbia.edu/broadcast/posters/vidthumb_480x360.jpg&id=field_media_video_83&autostart=false&protection=2e9e38dd9a0ddb16447d4800930f0b02a7aa331f""></script>  To embed this video on your own site  simply copy and paste the html code from this text area.      """
386,Leo Hurwitz 3,Year:هت1988Collection:هتLumiere Productions  Copyright:هت1988 Copyright Notes:هتTom Hurwitz Film Title:هتTo Tell The TruthDirector:هتTom Hurwitz  Physical Description:هتYou could say it's propaganda  but someone else could say 'No  it's the truth.'  media:هت,1988,,,1988,,Lumiere Productions,,1988,,Tom Hurwitz,To Tell The Truth,Tom Hurwitz,,,,You could say it's propaganda  but someone else could say 'No  it's the truth.',,"   Embed Code:   <script type=text/javascript"" src=""http://ccnmtl.columbia.edu/stream/jsembed?player=v4&file=secure/courses/film_gaines_leo_hurwitz_select_3.flv&width=480&height=360&poster=http://ccnmtl.columbia.edu/broadcast/posters/vidthumb_480x360.jpg&id=field_media_video_85&autostart=false&protection=b7365747424bac55ce78111e3fa6680dbd4c77c4""></script>  To embed this video on your own site  simply copy and paste the html code from this text area.      """
387,Leo Hurwitz 4,Year:هت1988Collection:هتLumiere Productions  Copyright:هت1988 Copyright Notes:هتTom Hurwitz Film Title:هتTo Tell The TruthDirector:هتTom Hurwitz  Physical Description:هتOn the emptiness of popular newsreels.  media:هت,1988,,,1988,,Lumiere Productions,,1988,,Tom Hurwitz,To Tell The Truth,Tom Hurwitz,,,,On the emptiness of popular newsreels.,,"   Embed Code:   <script type=text/javascript"" src=""http://ccnmtl.columbia.edu/stream/jsembed?player=v4&file=secure/courses/film_gaines_leo_hurwitz_select_4.flv&width=480&height=360&poster=http://ccnmtl.columbia.edu/broadcast/posters/vidthumb_480x360.jpg&id=field_media_video_87&autostart=false&protection=4227a7eda9d9b2c9ec6f3cdffbc94e1ce1576df6""></script>  To embed this video on your own site  simply copy and paste the html code from this text area.      """
388,Leo Hurwitz 5,Year:هت1988Collection:هتLumiere Productions  Copyright:هت1988 Copyright Notes:هتTom Hurwitz Film Title:هتTo Tell The TruthDirector:هتTom Hurwitz  Physical Description:هتThe Film and Photo League were interested in using film to deal with the realities of the world.  media:هت,1988,,,1988,,Lumiere Productions,,1988,,Tom Hurwitz,To Tell The Truth,Tom Hurwitz,,,,The Film and Photo League were interested in using film to deal with the realities of the world.,,"   Embed Code:   <script type=text/javascript"" src=""http://ccnmtl.columbia.edu/stream/jsembed?player=v4&file=secure/courses/film_gaines_leo_hurwitz_select_5.flv&width=480&height=360&poster=http://ccnmtl.columbia.edu/broadcast/posters/vidthumb_480x360.jpg&id=field_media_video_89&autostart=false&protection=e0c601a2d21880c0d1aabac22f8ffd6c04fe66c6""></script>  To embed this video on your own site  simply copy and paste the html code from this text area.      """
389,Leo Hurwitz 6,Year:هت1988Collection:هتLumiere Productions  Copyright:هت1988 Copyright Notes:هتTom Hurwitz Film Title:هتTo Tell The TruthDirector:هتTom Hurwitz  Physical Description:هتOn making The Plow that Broke the Plains without a script.  media:هت,1988,,,1988,,Lumiere Productions,,1988,,Tom Hurwitz,To Tell The Truth,Tom Hurwitz,,,,On making The Plow that Broke the Plains without a script.,,"   Embed Code:   <script type=text/javascript"" src=""http://ccnmtl.columbia.edu/stream/jsembed?player=v4&file=secure/courses/film_gaines_leo_hurwitz_select_6.flv&width=480&height=360&poster=http://ccnmtl.columbia.edu/broadcast/posters/vidthumb_480x360.jpg&id=field_media_video_91&autostart=false&protection=bab6cbb135d466feb6a9f4fe460da189e957ff4c""></script>  To embed this video on your own site  simply copy and paste the html code from this text area.      """
390,Leo Hurwitz 7,Year:هت1988Collection:هتLumiere Productions  Copyright:هت1988 Copyright Notes:هتTom Hurwitz Film Title:هتTo Tell The TruthDirector:هتTom Hurwitz  Physical Description:هتThe difficulties of working with Pare Lorentz on The Plow that Broke the Plains.  media:هت,1988,,,1988,,Lumiere Productions,,1988,,Tom Hurwitz,To Tell The Truth,Tom Hurwitz,,,,The difficulties of working with Pare Lorentz on The Plow that Broke the Plains.,,"   Embed Code:   <script type=text/javascript"" src=""http://ccnmtl.columbia.edu/stream/jsembed?player=v4&file=secure/courses/film_gaines_leo_hurwitz_select_7.flv&width=480&height=360&poster=http://ccnmtl.columbia.edu/broadcast/posters/vidthumb_480x360.jpg&id=field_media_video_93&autostart=false&protection=7ff80216ab667745552f39fc33db9ecc87462520""></script>  To embed this video on your own site  simply copy and paste the html code from this text area.      """
391,Leo Seltzer 1,Year:هت2002Collection:هتLumiere Productions  Copyright:هت2010 Copyright Notes:هتLumiere Productions Film Title:هتTo Tell The TruthDirector:هتLumiere Productions  Physical Description:هتThe Film and Photo League was set up in opposition to Hollywood films which were giving the wrong impression of what America was like.  media:هت,2002,,,2002,,Lumiere Productions,,2010,,Lumiere Productions,To Tell The Truth,Lumiere Productions,,,,The Film and Photo League was set up in opposition to Hollywood films which were giving the wrong impression of what America was like.,,"   Embed Code:   <script type=text/javascript"" src=""http://ccnmtl.columbia.edu/stream/jsembed?player=v4&file=secure/courses/film_gaines_leo_seltzer_select_1.flv&width=480&height=360&poster=http://ccnmtl.columbia.edu/broadcast/posters/vidthumb_480x360.jpg&id=field_media_video_95&autostart=false&protection=691f72335a2a8bf585b260ede80076965d8f56c1""></script>  To embed this video on your own site  simply copy and paste the html code from this text area.      """
392,Leo Seltzer 2,Year:هت2002Collection:هتLumiere Productions  Copyright:هت2010 Copyright Notes:هتLumiere Productions Film Title:هتTo Tell The TruthDirector:هتLumiere Productions  Physical Description:هتHow did you show that the government was the enemy?  media:هت,2002,,,2002,,Lumiere Productions,,2010,,Lumiere Productions,To Tell The Truth,Lumiere Productions,,,,How did you show that the government was the enemy?,,"   Embed Code:   <script type=text/javascript"" src=""http://ccnmtl.columbia.edu/stream/jsembed?player=v4&file=secure/courses/film_gaines_leo_seltzer_select_2.flv&width=480&height=360&poster=http://ccnmtl.columbia.edu/broadcast/posters/vidthumb_480x360.jpg&id=field_media_video_97&autostart=false&protection=15d9321f71505d44eb5442f819c7c8cbe71eeb4d""></script>  To embed this video on your own site  simply copy and paste the html code from this text area.      """
393,Leo Seltzer 3,Year:هت2002Collection:هتLumiere Productions  Copyright:هت2010 Copyright Notes:هتLumiere Productions Film Title:هتTo Tell The TruthDirector:هتLumiere Productions  Physical Description:هتI think it is very important for the filmmaker to have a point of view  and use the camera to express that point of view.  media:هت,2002,,,2002,,Lumiere Productions,,2010,,Lumiere Productions,To Tell The Truth,Lumiere Productions,,,,I think it is very important for the filmmaker to have a point of view  and use the camera to express that point of view.,,"   Embed Code:   <script type=text/javascript"" src=""http://ccnmtl.columbia.edu/stream/jsembed?player=v4&file=secure/courses/film_gaines_leo_seltzer_select_3.flv&width=480&height=360&poster=http://ccnmtl.columbia.edu/broadcast/posters/vidthumb_480x360.jpg&id=field_media_video_99&autostart=false&protection=916f65fe966db13f4d5e5fb3048756097c76c9ab""></script>  To embed this video on your own site  simply copy and paste the html code from this text area.      """
394,Leo Seltzer 4,Year:هت2002Collection:هتLumiere Productions  Copyright:هت2010 Copyright Notes:هتLumiere Productions Film Title:هتTo Tell The TruthDirector:هتLumiere Productions  Physical Description:هتWith due respect to Pare Lorentz  the American government 'made' his films.  media:هت,2002,,,2002,,Lumiere Productions,,2010,,Lumiere Productions,To Tell The Truth,Lumiere Productions,,,,With due respect to Pare Lorentz  the American government 'made' his films.,,"   Embed Code:   <script type=text/javascript"" src=""http://ccnmtl.columbia.edu/stream/jsembed?player=v4&file=secure/courses/film_gaines_leo_seltzer_select_4.flv&width=480&height=360&poster=http://ccnmtl.columbia.edu/broadcast/posters/vidthumb_480x360.jpg&id=field_media_video_101&autostart=false&protection=29da8de6dffabcf84f4175372693e4d0c31a5904""></script>  To embed this video on your own site  simply copy and paste the html code from this text area.      """
395,Leo Seltzer 5,Year:هت2002Collection:هتLumiere Productions  Copyright:هت2010 Copyright Notes:هتLumiere Productions Film Title:هتTo Tell The TruthDirector:هتLumiere Productions  Physical Description:هتLeo Seltzer shows the camera he used in the Film and Photo League.  media:هت,2002,,,2002,,Lumiere Productions,,2010,,Lumiere Productions,To Tell The Truth,Lumiere Productions,,,,Leo Seltzer shows the camera he used in the Film and Photo League.,,"   Embed Code:   <script type=text/javascript"" src=""http://ccnmtl.columbia.edu/stream/jsembed?player=v4&file=secure/courses/film_gaines_leo_seltzer_select_5.flv&width=480&height=360&poster=http://ccnmtl.columbia.edu/broadcast/posters/vidthumb_480x360.jpg&id=field_media_video_103&autostart=false&protection=b463045fd507cf64181721fa348c05cea7632861""></script>  To embed this video on your own site  simply copy and paste the html code from this text area.      """
344,Native Land Excerpt 1- America's Struggle for Liberty,Year:هت1942Collection:هتLumiere Productions  Copyright:هت1942 Copyright Notes:هتFrontier Films Director:هتLeo Hurwitz; Paul Strand  Physical Description:هتAmerica's struggle for Liberty  media:هت,1942,Documentary Tradition,Documentary Tradition,1942,,Lumiere Productions,,1942,,Frontier Films,,Leo Hurwitz; Paul Strand,,,,America's struggle for Liberty,,"   Embed Code:   <script type=text/javascript"" src=""http://ccnmtl.columbia.edu/stream/jsembed?player=v4&file=secure/courses/film_gaines_fall2010_native_land_excerpt_1.flv&width=480&height=360&poster=http://ccnmtl.columbia.edu/broadcast/posters/vidthumb_480x360.jpg&id=field_media_video_105&autostart=false&protection=a6ede2ac145a6b7a1c0bdb226241fa3e697e1c5c""></script>  To embed this video on your own site  simply copy and paste the html code from this text area.      """
345,Native Land Excerpt 2- The Man You Can't Buy,Year:هت1942Collection:هتLumiere Productions  Copyright:هت1942 Copyright Notes:هتFrontier Films Director:هتLeo Hurwitz; Paul Strand  Physical Description:هتThe man you can't buy  media:هت,1942,Documentary Tradition,Documentary Tradition,1942,,Lumiere Productions,,1942,,Frontier Films,,Leo Hurwitz; Paul Strand,,,,The man you can't buy,,"   Embed Code:   <script type=text/javascript"" src=""http://ccnmtl.columbia.edu/stream/jsembed?player=v4&file=secure/courses/film_gaines_fall2010_native_land_excerpt_2.flv&width=480&height=360&poster=http://ccnmtl.columbia.edu/broadcast/posters/vidthumb_480x360.jpg&id=field_media_video_107&autostart=false&protection=27314ecfa2ee186dcd7927634b214d1a7bb22fd0""></script>  To embed this video on your own site  simply copy and paste the html code from this text area.      """
346,Night Mail Excerpt 1- Workers & Mail Snatch,Year:هت1936Collection:هتLumiere Productions  Copyright:هت2009 Copyright Notes:هتBFI Film Title:هتNight MailDirector:هتGPO Unit (Harry Watt/Basil Wright/Alberto Cavalcanti/Pat Jackson/W.H. Auden/Benjamin Britten)  Physical Description:هتWorkers and Mail Snatch  media:هت,1936,Documentary Tradition,Documentary Tradition,1936,,Lumiere Productions,,2009,,BFI,Night Mail,GPO Unit (Harry Watt/Basil Wright/Alberto Cavalcanti/Pat Jackson/W.H. Auden/Benjamin Britten),,,,Workers and Mail Snatch,,"   Embed Code:   <script type=text/javascript"" src=""http://ccnmtl.columbia.edu/stream/jsembed?player=v4&file=secure/courses/film_gaines_fall2010_night_mail_excerpt_1.flv&width=480&height=360&poster=http://ccnmtl.columbia.edu/broadcast/posters/vidthumb_480x360.jpg&id=field_media_video_109&autostart=false&protection=25821dd7cbf4f2a68b6600449fbf99dcc0b381d5""></script>  To embed this video on your own site  simply copy and paste the html code from this text area.      """
347,Night Mail Excerpt 2- Mail Sorting,Year:هت1936Collection:هتLumiere Productions  Copyright:هت2009 Copyright Notes:هتBFI Film Title:هتNight MailDirector:هتGPO Unit (Harry Watt/Basil Wright/Alberto Cavalcanti/Pat Jackson/W.H. Auden/Benjamin Britten)  media:هت,1936,Documentary Tradition,Documentary Tradition,1936,,Lumiere Productions,,2009,,BFI,Night Mail,GPO Unit (Harry Watt/Basil Wright/Alberto Cavalcanti/Pat Jackson/W.H. Auden/Benjamin Britten),,,,,,"   Embed Code:   <script type=text/javascript"" src=""http://ccnmtl.columbia.edu/stream/jsembed?player=v4&file=secure/courses/film_gaines_fall2010_night_mail_excerpt_2.flv&width=480&height=360&poster=http://ccnmtl.columbia.edu/broadcast/posters/vidthumb_480x360.jpg&id=field_media_video_111&autostart=false&protection=25d35d9b8caf4ad40c634f62f09dd9f6cd1663e7""></script>  To embed this video on your own site  simply copy and paste the html code from this text area.      """
348,Night Mail Excerpt 3- Letters for the Rich,Year:هت1936Collection:هتLumiere Productions  Copyright:هت2009 Copyright Notes:هتBFI Film Title:هتNight MailDirector:هتGPO Unit (Harry Watt/Basil Wright/Alberto Cavalcanti/Pat Jackson/W.H. Auden/Benjamin Britten)  Physical Description:هتLetters for the Rich...  media:هت,1936,Documentary Tradition,Documentary Tradition,1936,,Lumiere Productions,,2009,,BFI,Night Mail,GPO Unit (Harry Watt/Basil Wright/Alberto Cavalcanti/Pat Jackson/W.H. Auden/Benjamin Britten),,,,Letters for the Rich...,,"   Embed Code:   <script type=text/javascript"" src=""http://ccnmtl.columbia.edu/stream/jsembed?player=v4&file=secure/courses/film_gaines_fall2010_night_mail_excerpt_3.flv&width=480&height=360&poster=http://ccnmtl.columbia.edu/broadcast/posters/vidthumb_480x360.jpg&id=field_media_video_113&autostart=false&protection=71c00b3cb2aee060627b5193ea0c033375be6ed4""></script>  To embed this video on your own site  simply copy and paste the html code from this text area.      """
396,Pat Jackson Select 1,Year:هت2010Collection:هتLumiere Productions  Copyright:هت2010 Copyright Notes:هتLumiere Productions Film Title:هتTo Tell The TruthDirector:هتLumiere Productions  Physical Description:هتThe beginning of the great divide in British documentary.  media:هت,2010,,,2010,,Lumiere Productions,,2010,,Lumiere Productions,To Tell The Truth,Lumiere Productions,,,,The beginning of the great divide in British documentary.,,"   Embed Code:   <script type=text/javascript"" src=""http://ccnmtl.columbia.edu/stream/jsembed?player=v4&file=secure/courses/film_gaines_pat_jackson_select_1.flv&width=480&height=360&poster=http://ccnmtl.columbia.edu/broadcast/posters/vidthumb_480x360.jpg&id=field_media_video_115&autostart=false&protection=76689f4b86871caab20944058fbb0b4abb16d477""></script>  To embed this video on your own site  simply copy and paste the html code from this text area.      """
397,Pat Jackson Select 2,Year:هت2010Collection:هتLumiere Productions  Copyright:هت2010 Copyright Notes:هتLumiere Productions Film Title:هتTo Tell The TruthDirector:هتLumiere Productions  Physical Description:هتYou started to notice  the more you looked at the people of England  how wonderful the English people were but nobody knew anything about them.  media:هت,2010,,,2010,,Lumiere Productions,,2010,,Lumiere Productions,To Tell The Truth,Lumiere Productions,,,,You started to notice  the more you looked at the people of England  how wonderful the English people were but nobody knew anything about them.,,"   Embed Code:   <script type=text/javascript"" src=""http://ccnmtl.columbia.edu/stream/jsembed?player=v4&file=secure/courses/film_gaines_pat_jackson_select_2.flv&width=480&height=360&poster=http://ccnmtl.columbia.edu/broadcast/posters/vidthumb_480x360.jpg&id=field_media_video_117&autostart=false&protection=3dd91c8b4d0a09a14a80c9825bd0861eabc07176""></script>  To embed this video on your own site  simply copy and paste the html code from this text area.      """
398,Pat Jackson Select 3,Year:هت2010Collection:هتLumiere Productions  Copyright:هت2010 Copyright Notes:هتLumiere Productions Film Title:هتTo Tell The TruthDirector:هتLumiere Productions  Physical Description:هتWe did try to make people aware of the dangers of a system but god is profit now.  media:هت,2010,,,2010,,Lumiere Productions,,2010,,Lumiere Productions,To Tell The Truth,Lumiere Productions,,,,We did try to make people aware of the dangers of a system but god is profit now.,,"   Embed Code:   <script type=text/javascript"" src=""http://ccnmtl.columbia.edu/stream/jsembed?player=v4&file=secure/courses/film_gaines_pat_jackson_select_3.flv&width=480&height=360&poster=http://ccnmtl.columbia.edu/broadcast/posters/vidthumb_480x360.jpg&id=field_media_video_119&autostart=false&protection=fa63a0d24edb0ff7111416cfc5604a6f49845892""></script>  To embed this video on your own site  simply copy and paste the html code from this text area.      """
349,Spanish Earth Excerpt 1- Town Bombarded,Year:هت1937Collection:هتLumiere Productions  Copyright:هت2008 Copyright Notes:هتEuropean Foundation- Joris Ivens Film Title:هتSpanish EarthDirector:هتJoris Ivens w Ernest Hemingway/John Dos Passos  Physical Description:هتTown bombarded  media:هت,1937,,Documentary Tradition,1937,,Lumiere Productions,,2008,,European Foundation- Joris Ivens,Spanish Earth,Joris Ivens w Ernest Hemingway/John Dos Passos,,,,Town bombarded,,"   Embed Code:   <script type=text/javascript"" src=""http://ccnmtl.columbia.edu/stream/jsembed?player=v4&file=secure/courses/film_gaines_fall2010_spanish_earth_1.flv&width=480&height=360&poster=http://ccnmtl.columbia.edu/broadcast/posters/vidthumb_480x360.jpg&id=field_media_video_121&autostart=false&protection=f0919e60f14203d40b824bc32ae264336b6fa73a""></script>  To embed this video on your own site  simply copy and paste the html code from this text area.      """
350,Spanish Earth Excerpt 2- The Road Is Won,Year:هت1937Collection:هتLumiere Productions  Copyright:هت2008 Copyright Notes:هتEuropean Foundation- Joris Ivens Film Title:هتSpanish EarthDirector:هتJoris Ivens w Eernest Hemingway/John Dos Passos  Physical Description:هتThe Road is Won  media:هت,1937,,Documentary Tradition,1937,,Lumiere Productions,,2008,,European Foundation- Joris Ivens,Spanish Earth,Joris Ivens w Eernest Hemingway/John Dos Passos,,,,The Road is Won,,"   Embed Code:   <script type=text/javascript"" src=""http://ccnmtl.columbia.edu/stream/jsembed?player=v4&file=secure/courses/film_gaines_fall2010_spanish_earth_2.flv&width=480&height=360&poster=http://ccnmtl.columbia.edu/broadcast/posters/vidthumb_480x360.jpg&id=field_media_video_123&autostart=false&protection=ad0d9792c90c6772a232a0ba5a2387ecd4e37f25""></script>  To embed this video on your own site  simply copy and paste the html code from this text area.      """
473,Strike,Year:هت1912,1912,,Historiography,1912,,,,,,,,,,,,,,
94,The Blair Witch Project,Year:هت1999 Film Title:هتThe Blair Witch ProjectDirector:هتDaniel Myrick  media:هت,1999,,Documentary Tradition,1999,,,,,,,The Blair Witch Project,Daniel Myrick,,,,,,"   Embed Code:   <script type=text/javascript"" src=""http://ccnmtl.columbia.edu/stream/jsembed?player=v4&file=secure/courses/soa_gaines_fall2010_blair_witch_project.flv&width=480&height=360&poster=http://ccnmtl.columbia.edu/broadcast/posters/vidthumb_480x360.jpg&id=field_media_video_125&autostart=false&protection=2104ff65ab39206e6e62e43c523e699f6ab2ae91""></script>  To embed this video on your own site  simply copy and paste the html code from this text area.      """
351,The City Excerpt 1- Progress is Choking Us,Year:هت1938Collection:هتLumiere Productions  Copyright:هت1938 Copyright Notes:هتNaxos Righta International  Film Title:هتThe CityDirector:هتWillard Van Dyke; Ralph Steiner; Aaron Copeland  Physical Description:هتProgress Is Choking Us  media:هت,1938,Documentary Tradition,Documentary Tradition,1938,,Lumiere Productions,,1938,,Naxos Righta International,The City,Willard Van Dyke; Ralph Steiner; Aaron Copeland,,,,Progress Is Choking Us,,"   Embed Code:   <script type=text/javascript"" src=""http://ccnmtl.columbia.edu/stream/jsembed?player=v4&file=secure/courses/film_gaines_fall2010_the_city_excerpt_1.flv&width=480&height=360&poster=http://ccnmtl.columbia.edu/broadcast/posters/vidthumb_480x360.jpg&id=field_media_video_127&autostart=false&protection=8938b4dcf91706119438cd0dc5417f1782c15036""></script>  To embed this video on your own site  simply copy and paste the html code from this text area.      """
352,The City Excerpt 2- Eateries,Year:هت1938Collection:هتLumiere Productions  Copyright:هت2009 Copyright Notes:هتNaxos Righta International Film Title:هتThe CityDirector:هتWillard Van Dyke; Ralph Steiner; Aaron Copeland  Physical Description:هتEateries  media:هت,1938,Documentary Tradition,Documentary Tradition,1938,,Lumiere Productions,,2009,,Naxos Righta International,The City,Willard Van Dyke; Ralph Steiner; Aaron Copeland,,,,Eateries,,"   Embed Code:   <script type=text/javascript"" src=""http://ccnmtl.columbia.edu/stream/jsembed?player=v4&file=secure/courses/film_gaines_fall2010_the_city_excerpt_2.flv&width=480&height=360&poster=http://ccnmtl.columbia.edu/broadcast/posters/vidthumb_480x360.jpg&id=field_media_video_129&autostart=false&protection=cf4dedb2e4d9fff24bd9c1ebb98a5d097d5d71d6""></script>  To embed this video on your own site  simply copy and paste the html code from this text area.      """
353,The City Excerpt 3- Traffic,Year:هت1938Collection:هتLumiere Productions  Copyright:هت2009 Copyright Notes:هتNaxos Rights International Film Title:هتThe CityDirector:هتWillard Van Dyke; Ralph Steiner; Aaron Copeland  Physical Description:هتTraffic  media:هت,1938,Documentary Tradition,Documentary Tradition,1938,,Lumiere Productions,,2009,,Naxos Rights International,The City,Willard Van Dyke; Ralph Steiner; Aaron Copeland,,,,Traffic,,"   Embed Code:   <script type=text/javascript"" src=""http://ccnmtl.columbia.edu/stream/jsembed?player=v4&file=secure/courses/film_gaines_fall2010_the_city_excerpt_3.flv&width=480&height=360&poster=http://ccnmtl.columbia.edu/broadcast/posters/vidthumb_480x360.jpg&id=field_media_video_131&autostart=false&protection=53d530df334d708890faac97d59c9f4f9371d01a""></script>  To embed this video on your own site  simply copy and paste the html code from this text area.      """
354,The City Excerpt 4- Suburban Dreams,Year:هت1938Collection:هتLumiere Productions  Copyright:هت2009 Copyright Notes:هتNaxos Rights International Director:هتWillard Van Dyke; Ralph Steiner; Aaron Copeland  Physical Description:هتSuburban Dreams  media:هت,1938,Documentary Tradition,Documentary Tradition,1938,,Lumiere Productions,,2009,,Naxos Rights International,,Willard Van Dyke; Ralph Steiner; Aaron Copeland,,,,Suburban Dreams,,"   Embed Code:   <script type=text/javascript"" src=""http://ccnmtl.columbia.edu/stream/jsembed?player=v4&file=secure/courses/film_gaines_fall2010_the_city_excerpt_4.flv&width=480&height=360&poster=http://ccnmtl.columbia.edu/broadcast/posters/vidthumb_480x360.jpg&id=field_media_video_133&autostart=false&protection=6ec0bb5e3a3c6db2b7c3d29275c3b7ee1673726f""></script>  To embed this video on your own site  simply copy and paste the html code from this text area.      """
355,The Land Excerpt 1- Arizona; migrants; boy,Year:هت1942Collection:هتLumiere Productions  Copyright:هت2003 Copyright Notes:هتInternational Film Seminars Film Title:هتThe LandDirector:هتRobert Flaherty; Francis Flaherty  Physical Description:هتArizona; Migrants; Boy  media:هت,1942,Documentary Tradition,Documentary Tradition,1942,,Lumiere Productions,,2003,,International Film Seminars,The Land,Robert Flaherty; Francis Flaherty,,,,Arizona; Migrants; Boy,,"   Embed Code:   <script type=text/javascript"" src=""http://ccnmtl.columbia.edu/stream/jsembed?player=v4&file=secure/courses/film_gaines_fall2010_the_land_excerpt_1.flv&width=480&height=360&poster=http://ccnmtl.columbia.edu/broadcast/posters/vidthumb_480x360.jpg&id=field_media_video_135&autostart=false&protection=97ac7665778b8123e67443b4df0d3417369b01e5""></script>  To embed this video on your own site  simply copy and paste the html code from this text area.      """
356,The Plow that Broke the Plains Excerpt 1- Windswept Plains,Year:هت1936Collection:هتLumiere Productions  Copyright:هت1936 Copyright Notes:هتNaxos Rights International Film Title:هتThe Plow that Broke the PlainsDirector:هتPare Lorentz; Leo Hurwitz; Paul Strand; Paul Ivano; Ralph Steiner  Physical Description:هتWindswept Plains  media:هت,1936,Documentary Tradition,Documentary Tradition,1936,,Lumiere Productions,,1936,,Naxos Rights International,The Plow that Broke the Plains,Pare Lorentz; Leo Hurwitz; Paul Strand; Paul Ivano; Ralph Steiner,,,,Windswept Plains,,"   Embed Code:   <script type=text/javascript"" src=""http://ccnmtl.columbia.edu/stream/jsembed?player=v4&file=secure/courses/film_gaines_fall2010_the_plow_that_broke_the_plains_excerpt_1.flv&width=480&height=360&poster=http://ccnmtl.columbia.edu/broadcast/posters/vidthumb_480x360.jpg&id=field_media_video_137&autostart=false&protection=e799af64c4d64e58798fba525a2c967fa65c6dc3""></script>  To embed this video on your own site  simply copy and paste the html code from this text area.      """
357,The River Excerpt 1- Opening Sequence,Year:هت1937Collection:هتLumiere Productions  Copyright:هت2007 Copyright Notes:هتNaxos Rights International Film Title:هتThe RiverDirector:هتPare Lorentz; Floyd Crosby; Willard van Dyke; Virgil Thomson; Thomas Chalmers  Physical Description:هتOpening Sequence  media:هت,1937,Documentary Tradition,Documentary Tradition,1937,,Lumiere Productions,,2007,,Naxos Rights International,The River,Pare Lorentz; Floyd Crosby; Willard van Dyke; Virgil Thomson; Thomas Chalmers,,,,Opening Sequence,,"   Embed Code:   <script type=text/javascript"" src=""http://ccnmtl.columbia.edu/stream/jsembed?player=v4&file=secure/courses/film_gaines_fall2010_the_river_excerpt_1.flv&width=480&height=360&poster=http://ccnmtl.columbia.edu/broadcast/posters/vidthumb_480x360.jpg&id=field_media_video_139&autostart=false&protection=b36c6ac01cf066dfed912c55f33cc6fb9f1d3a6d""></script>  To embed this video on your own site  simply copy and paste the html code from this text area.      """
358,The River Excerpt 2- Lumber and Cotton,Year:هت1937Collection:هتLumiere Productions  Copyright:هت2007 Copyright Notes:هتNaxos Rights International Film Title:هتThe RiverDirector:هتPare Lorentz; Floyd Crosby; Willard Van Dyke; Virgil Thomson; Thomas Chalmers  media:هت,1937,Documentary Tradition,Documentary Tradition,1937,,Lumiere Productions,,2007,,Naxos Rights International,The River,Pare Lorentz; Floyd Crosby; Willard Van Dyke; Virgil Thomson; Thomas Chalmers,,,,,,"   Embed Code:   <script type=text/javascript"" src=""http://ccnmtl.columbia.edu/stream/jsembed?player=v4&file=secure/courses/film_gaines_fall2010_the_river_excerpt_2.flv&width=480&height=360&poster=http://ccnmtl.columbia.edu/broadcast/posters/vidthumb_480x360.jpg&id=field_media_video_141&autostart=false&protection=d935a13c734c8e980bfe90fa8fc557f9510c155e""></script>  To embed this video on your own site  simply copy and paste the html code from this text area.      """
360,The River Excerpt 3- Flooding,Year:هت1937Collection:هتLumiere Productions  Copyright:هت2007 Copyright Notes:هتNaxos Rights International Film Title:هتThe RiverDirector:هتPare Lorentz; Floyd Crosby; Willard Van Dyke; Virgil Thomson; Thomas Chalmers  Physical Description:هتFlooding  media:هت,1937,Documentary Tradition,Documentary Tradition,1937,,Lumiere Productions,,2007,,Naxos Rights International,The River,Pare Lorentz; Floyd Crosby; Willard Van Dyke; Virgil Thomson; Thomas Chalmers,,,,Flooding,,"   Embed Code:   <script type=text/javascript"" src=""http://ccnmtl.columbia.edu/stream/jsembed?player=v4&file=secure/courses/film_gaines_fall2010_the_river_excerpt_3.flv&width=480&height=360&poster=http://ccnmtl.columbia.edu/broadcast/posters/vidthumb_480x360.jpg&id=field_media_video_143&autostart=false&protection=457f7e167ba7c144fe9e6fd6f093b7c71d69e8ca""></script>  To embed this video on your own site  simply copy and paste the html code from this text area.      """
361,The River Excerpt 4- TVA,Year:هت1937Collection:هتLumiere Productions  Copyright:هت2007 Copyright Notes:هتNaxos Rights International Film Title:هتThe RiverDirector:هتPare Lorentz; Floyd Crosby; Willard Van Dyke; Virgil Thomson; Thomas Chalmers  Physical Description:هتThe Tennessee Valley Authority  media:هت,1937,Documentary Tradition,Documentary Tradition,1937,,Lumiere Productions,,2007,,Naxos Rights International,The River,Pare Lorentz; Floyd Crosby; Willard Van Dyke; Virgil Thomson; Thomas Chalmers,,,,The Tennessee Valley Authority,,"   Embed Code:   <script type=text/javascript"" src=""http://ccnmtl.columbia.edu/stream/jsembed?player=v4&file=secure/courses/film_gaines_fall2010_the_river_excerpt_4.flv&width=480&height=360&poster=http://ccnmtl.columbia.edu/broadcast/posters/vidthumb_480x360.jpg&id=field_media_video_145&autostart=false&protection=e8e2787ebf2b9bd9591a44911e41c7f0f32b791a""></script>  To embed this video on your own site  simply copy and paste the html code from this text area.      """
474,The Strike,Year:هت1912Film Title:هتThe Strikemedia:هت,1912,,Historiography,1912,,,,,,,The Strike,,,,,,,"   Embed Code:   <script type=text/javascript"" src=""http://ccnmtl.columbia.edu/stream/jsembed?player=v4&file=secure/courses/film_gaines_fall2012_strike.flv&width=480&height=360&poster=http://ccnmtl.columbia.edu/broadcast/posters/vidthumb_480x360.jpg&id=field_media_video_147&autostart=false&protection=a00255e850c4f42c8d891ea205c2969b12980868""></script>  To embed this video on your own site  simply copy and paste the html code from this text area.      """
103,The Zapruder Film (Original),media:هت,,,Documentary Tradition,,,,,,,,,,,,,,,"   Embed Code:   <script type=text/javascript"" src=""http://ccnmtl.columbia.edu/stream/jsembed?player=v4&file=secure/courses/soa_gaines_fall2010_zapruder_original.flv&width=480&height=360&poster=http://ccnmtl.columbia.edu/broadcast/posters/vidthumb_480x360.jpg&id=field_media_video_149&autostart=false&protection=d685f88a84cb082e27a00bb2c80438f06b9fe75c""></script>  To embed this video on your own site  simply copy and paste the html code from this text area.      """
100,The Zapruder Film (Restored),media:هت,,,Documentary Tradition,,,,,,,,,,,,,,,"   Embed Code:   <script type=text/javascript"" src=""http://ccnmtl.columbia.edu/stream/jsembed?player=v4&file=secure/courses/soa_gaines_fall2010_zapruder_restored.flv&width=480&height=360&poster=http://ccnmtl.columbia.edu/broadcast/posters/vidthumb_480x360.jpg&id=field_media_video_151&autostart=false&protection=d4da277751466c66414ff5434c40d3d0e2424a6a""></script>  To embed this video on your own site  simply copy and paste the html code from this text area.      """
362,Unemployment Special 1931 Excerpt 1- The Unemployed,Year:هت1931Collection:هتLumiere Productions  Copyright:هت1932 Copyright Notes:هتLeo Seltzer Director:هتWorkers Film and Photo League (Leo Seltzer)  Physical Description:هتUnemployment and Protest  media:هت,1931,Documentary Tradition,Documentary Tradition,1931,,Lumiere Productions,,1932,,Leo Seltzer,,Workers Film and Photo League (Leo Seltzer),,,,Unemployment and Protest,,"   Embed Code:   <script type=text/javascript"" src=""http://ccnmtl.columbia.edu/stream/jsembed?player=v4&file=secure/courses/film_gaines_fall2010_unemployment_special_1931_excerpt_1.flv&width=480&height=360&poster=http://ccnmtl.columbia.edu/broadcast/posters/vidthumb_480x360.jpg&id=field_media_video_153&autostart=false&protection=864ed8260dddd0c4c81873ce97d31da53bcdf51a""></script>  To embed this video on your own site  simply copy and paste the html code from this text area.      """
92,Within Our Gates (dir./prod. Oscar Micheaux  1920),Year:هت1920 Film Title:هتWithin Our GatesDirector:هتOscar Micheaux  media:هت,1920,Silent African American Cinema,Historiography,1920,,,,,,,Within Our Gates,Oscar Micheaux,,,,,,"   Embed Code:   <script type=text/javascript"" src=""http://ccnmtl.columbia.edu/stream/jsembed?player=v4&file=secure/courses/soa_gaines_fall2010_wog_full.flv&width=480&height=360&poster=http://ccnmtl.columbia.edu/broadcast/posters/vidthumb_480x360.jpg&id=field_media_video_155&autostart=false&protection=9e38f134a42eefd68d6cd6973a37470de66f74b8""></script>  To embed this video on your own site  simply copy and paste the html code from this text area.      """